Tópico,Keywords
Tópico 0,Conditions and singularity
Tópico 1,Patterns and clustering
Tópico 2,Localization and chaos
Tópico 3,Field and gravity
Tópico 4,Matter and dark energy
Tópico 5,Geometry and motion
Tópico 6,Pairs and isospin
Tópico 7,Black holes
Tópico 8,Graphs and complexity
Tópico 9,Nanotubes and nanoparticles
Tópico 10,Rotation and coordinates
Tópico 11,Jets and components
Tópico 12,Decay and mesons
Tópico 13,Emission and observation
Tópico 14,Supernovas and wind
Tópico 15,Canonical torsion
Tópico 16,Vectors and schemes
Tópico 17,Electronics and transport
Tópico 18,Surfaces and topology
Tópico 19,Factors and correction
Tópico 20,Theory and lattice
Tópico 21,Neutrino search
Tópico 22,Theorems and proofs
Tópico 23,Algebra and representations
Tópico 24,Measurements and scattering
Tópico 25,Relativistic pressure
Tópico 26,Random distributions
Tópico 27,Magnetic fields
Tópico 28,Atoms and photons
Tópico 29,Galactic clusters
Tópico 30,Heavy ions
Tópico 31,Finite groups
Tópico 32,Spectra and absorption
Tópico 33,Mapping and varieties
Tópico 34,Reflection and interference
Tópico 35,Criteria and delay
Tópico 36,Spin interactions
Tópico 37,Molecular imaging
Tópico 38,Cosmological correlations
Tópico 39,X-rays
Tópico 40,Hybrid agents
Tópico 41,Spectral geometry
Tópico 42,Quark model
Tópico 43,Flow and scale
Tópico 44,Communication networks
Tópico 45,Operators and matrices
Tópico 46,Functional reactions
Tópico 47,Cross section
Tópico 48,Nonlinear equations
Tópico 49,Phase transitions
Tópico 50,Particle dynamics
Tópico 51,Model parameters
Tópico 52,Stochastic processes
Tópico 53,Dynamical systems
Tópico 54,Vortices and stability
Tópico 55,Instabilities and growth
Tópico 56,Functions and series
Tópico 57,Geometric structures
Tópico 58,Codes and errors
Tópico 59,Quantum states
Tópico 60,Gamma rays
Tópico 61,Light variations
Tópico 62,Entropy and equilibrium
Tópico 63,Planetary system
Tópico 64,Spheres and mixtures
Tópico 65,Quantum classical theories
Tópico 66,Space and curvature
Tópico 67,Hyperbolic sequences
Tópico 68,Algorithms and design
Tópico 69,Collisions and hadrons
Tópico 70,Star formation
Tópico 71,Analytical methods
Tópico 72,Cells and thresholds
Tópico 73,Nuclear interaction
Tópico 74,Topological defects
Tópico 75,Oscillations and frequencies
Tópico 76,Galaxies and redshift
Tópico 77,Reviews and discussions
Tópico 78,Thin films
Tópico 79,String theory
